CRIM,INDUS,NOX,RM,AGE,DIS,TAX,PT,B,MV
0.00632,2.309999943,0.537999988,6.574999809,65.19999695,4.090000153,296,15.30000019,396.8999939,24
0.027310001,7.070000172,0.469000012,6.421000004,78.90000153,4.967100143,242,17.79999924,396.8999939,21.60000038
0.02729,7.070000172,0.469000012,7.184999943,61.09999847,4.967100143,242,17.79999924,392.8299866,34.70000076
0.032370001,2.180000067,0.458000004,6.998000145,45.79999924,6.062200069,222,18.70000076,394.6300049,33.40000153
0.069049999,2.180000067,0.458000004,7.146999836,54.20000076,6.062200069,222,18.70000076,396.8999939,36.20000076
0.029850001,2.180000067,0.458000004,6.429999828,58.70000076,6.062200069,222,18.70000076,394.1199951,28.70000076
0.088289998,7.869999886,0.523999989,6.012000084,66.59999847,5.560500145,311,15.19999981,395.6000061,22.89999962
0.144549996,7.869999886,0.523999989,6.171999931,96.09999847,5.950500011,311,15.19999981,396.8999939,27.10000038
0.211239994,7.869999886,0.523999989,5.631000042,100,6.082099915,311,15.19999981,386.6300049,16.5
0.170039997,7.869999886,0.523999989,6.004000187,85.90000153,6.592100143,311,15.19999981,386.7099915,18.89999962
0.224889994,7.869999886,0.523999989,6.376999855,94.30000305,6.346700191,311,15.19999981,392.519989,15
0.117470004,7.869999886,0.523999989,6.008999825,82.90000153,6.226699829,311,15.19999981,396.8999939,18.89999962
0.093780003,7.869999886,0.523999989,5.888999939,39,5.450900078,311,15.19999981,390.5,21.70000076
0.629760027,8.140000343,0.537999988,5.948999882,61.79999924,4.707499981,307,21,396.8999939,20.39999962
0.637960017,8.140000343,0.537999988,6.096000195,84.5,4.461900234,307,21,380.019989,18.20000076
0.627390027,8.140000343,0.537999988,5.834000111,56.5,4.498600006,307,21,395.6199951,19.89999962
1.053930044,8.140000343,0.537999988,5.934999943,29.29999924,4.498600006,307,21,386.8500061,23.10000038
0.784200013,8.140000343,0.537999988,5.989999771,81.69999695,4.257900238,307,21,386.75,17.5
0.802709997,8.140000343,0.537999988,5.455999851,36.59999847,3.796499968,307,21,288.9899902,20.20000076
0.725799978,8.140000343,0.537999988,5.727000237,69.5,3.796499968,307,21,390.9500122,18.20000076
1.251790047,8.140000343,0.537999988,5.570000172,98.09999847,3.797899961,307,21,376.5700073,13.60000038
0.852039993,8.140000343,0.537999988,5.965000153,89.19999695,4.012300014,307,21,392.5299988,19.60000038
1.232470036,8.140000343,0.537999988,6.142000198,91.69999695,3.976900101,307,21,396.8999939,15.19999981
0.988430023,8.140000343,0.537999988,5.813000202,100,4.095200062,307,21,394.5400085,14.5
0.750259995,8.140000343,0.537999988,5.923999786,94.09999847,4.399600029,307,21,394.3299866,15.60000038
0.840539992,8.140000343,0.537999988,5.598999977,85.69999695,4.454599857,307,21,303.4200134,13.89999962
0.671909988,8.140000343,0.537999988,5.813000202,90.30000305,4.68200016,307,21,376.8800049,16.60000038
0.955770016,8.140000343,0.537999988,6.046999931,88.80000305,4.453400135,307,21,306.3800049,14.80000019
0.772989988,8.140000343,0.537999988,6.494999886,94.40000153,4.454699993,307,21,387.9400024,18.39999962
1.002449989,8.140000343,0.537999988,6.673999786,87.30000305,4.238999844,307,21,380.230011,21
1.130810022,8.140000343,0.537999988,5.712999821,94.09999847,4.232999802,307,21,360.1700134,12.69999981
1.354719996,8.140000343,0.537999988,6.072000027,100,4.175000191,307,21,376.730011,14.5
1.387989998,8.140000343,0.537999988,5.949999809,82,3.99000001,307,21,232.6000061,13.19999981
1.151720047,8.140000343,0.537999988,5.701000214,95,3.787199974,307,21,358.769989,13.10000038
1.612820029,8.140000343,0.537999988,6.096000195,96.90000153,3.759799957,307,21,248.3099976,13.5
0.064170003,5.960000038,0.499000013,5.933000088,68.19999695,3.360300064,279,19.20000076,396.8999939,18.89999962
0.097439997,5.960000038,0.499000013,5.84100008,61.40000153,3.377899885,279,19.20000076,377.5599976,20
0.080140002,5.960000038,0.499000013,5.849999905,41.5,3.934200048,279,19.20000076,396.8999939,21
0.175050005,5.960000038,0.499000013,5.96600008,30.20000076,3.847300053,279,19.20000076,393.4299927,24.70000076
0.027629999,2.950000048,0.428000003,6.59499979,21.79999924,5.401100159,252,18.29999924,395.6300049,30.79999924
0.03359,2.950000048,0.428000003,7.024000168,15.80000019,5.401100159,252,18.29999924,395.6199951,34.90000153
0.127440006,6.909999847,0.448000014,6.769999981,2.900000095,5.720900059,233,17.89999962,385.4100037,26.60000038
0.141499996,6.909999847,0.448000014,6.169000149,6.599999905,5.720900059,233,17.89999962,383.3699951,25.29999924
0.159360006,6.909999847,0.448000014,6.210999966,6.5,5.720900059,233,17.89999962,394.4599915,24.70000076
0.12269,6.909999847,0.448000014,6.068999767,40,5.720900059,233,17.89999962,389.3900146,21.20000076
0.171419993,6.909999847,0.448000014,5.68200016,33.79999924,5.100399971,233,17.89999962,396.8999939,19.29999924
0.188360006,6.909999847,0.448000014,5.785999775,33.29999924,5.100399971,233,17.89999962,396.8999939,20
0.229269996,6.909999847,0.448000014,6.03000021,85.5,5.689400196,233,17.89999962,392.7399902,16.60000038
0.25387001,6.909999847,0.448000014,5.399000168,95.30000305,5.869999886,233,17.89999962,396.8999939,14.39999962
0.219769999,6.909999847,0.448000014,5.602000237,62,6.08769989,233,17.89999962,396.8999939,19.39999962
0.08873,5.639999866,0.43900001,5.962999821,45.70000076,6.814700127,243,16.79999924,395.5599976,19.70000076
0.043370001,5.639999866,0.43900001,6.114999771,63,6.814700127,243,16.79999924,393.9700012,20.5
0.053599998,5.639999866,0.43900001,6.511000156,21.10000038,6.814700127,243,16.79999924,396.8999939,25
0.04981,5.639999866,0.43900001,5.998000145,21.39999962,6.814700127,243,16.79999924,396.8999939,23.39999962
0.0136,4,0.409999996,5.888000011,47.59999847,7.319699764,469,21.10000038,396.8999939,18.89999962
0.01311,1.220000029,0.402999997,7.249000072,21.89999962,8.69659996,226,17.89999962,395.9299927,35.40000153
0.02055,0.74000001,0.409999996,6.382999897,35.70000076,9.187600136,313,17.29999924,396.8999939,24.70000076
0.01432,1.320000052,0.411000013,6.815999985,40.5,8.324799538,256,15.10000038,392.8999939,31.60000038
0.154449999,5.130000114,0.453000009,6.144999981,29.20000076,7.814799786,284,19.70000076,390.6799927,23.29999924
0.10328,5.130000114,0.453000009,5.927000046,47.20000076,6.93200016,284,19.70000076,396.8999939,19.60000038
0.149320006,5.130000114,0.453000009,5.741000175,66.19999695,7.225399971,284,19.70000076,395.1099854,18.70000076
0.171709999,5.130000114,0.453000009,5.96600008,93.40000153,6.818500042,284,19.70000076,378.0799866,16
0.110270001,5.130000114,0.453000009,6.455999851,67.80000305,7.225500107,284,19.70000076,396.8999939,22.20000076
0.126499996,5.130000114,0.453000009,6.762000084,43.40000153,7.980899811,284,19.70000076,395.5799866,25
0.019509999,1.379999995,0.416099995,7.104000092,59.5,9.222900391,216,18.60000038,393.2399902,33
0.035840001,3.369999886,0.398000002,6.289999962,17.79999924,6.611499786,337,16.10000038,396.8999939,23.5
0.043790001,3.369999886,0.398000002,5.787000179,31.10000038,6.611499786,337,16.10000038,396.8999939,19.39999962
0.057890002,6.070000172,0.409000009,5.877999783,21.39999962,6.498000145,345,18.89999962,396.2099915,22
0.135539994,6.070000172,0.409000009,5.593999863,36.79999924,6.498000145,345,18.89999962,396.8999939,17.39999962
0.12816,6.070000172,0.409000009,5.885000229,33,6.498000145,345,18.89999962,396.8999939,20.89999962
0.088260002,10.81000042,0.412999988,6.416999817,6.599999905,5.28730011,305,19.20000076,383.730011,24.20000076
0.158759996,10.81000042,0.412999988,5.960999966,17.5,5.28730011,305,19.20000076,376.9400024,21.70000076
0.091640003,10.81000042,0.412999988,6.065000057,7.800000191,5.28730011,305,19.20000076,390.9100037,22.79999924
0.195390001,10.81000042,0.412999988,6.244999886,6.199999809,5.28730011,305,19.20000076,377.1700134,23.39999962
0.078960001,12.82999992,0.437000006,6.272999763,6,4.25150013,398,18.70000076,394.9200134,24.10000038
0.095119998,12.82999992,0.437000006,6.285999775,45,4.502600193,398,18.70000076,383.230011,21.39999962
0.101530001,12.82999992,0.437000006,6.278999805,74.5,4.052199841,398,18.70000076,373.6600037,20
0.087070003,12.82999992,0.437000006,6.139999866,45.79999924,4.090499878,398,18.70000076,386.9599915,20.79999924
0.056460001,12.82999992,0.437000006,6.231999874,53.70000076,5.014100075,398,18.70000076,386.3999939,21.20000076
0.083870001,12.82999992,0.437000006,5.874000072,36.59999847,4.502600193,398,18.70000076,396.0599976,20.29999924
0.041129999,4.860000134,0.425999999,6.727000237,33.5,5.400700092,281,19,396.8999939,28
0.04462,4.860000134,0.425999999,6.618999958,70.40000153,5.400700092,281,19,395.6300049,23.89999962
0.036589999,4.860000134,0.425999999,6.302000046,32.20000076,5.400700092,281,19,396.8999939,24.79999924
0.03551,4.860000134,0.425999999,6.166999817,46.70000076,5.400700092,281,19,390.6400146,22.89999962
0.050590001,4.489999771,0.449000001,6.388999939,48,4.779399872,247,18.5,396.8999939,23.89999962
0.057349999,4.489999771,0.449000001,6.630000114,56.09999847,4.437699795,247,18.5,392.2999878,26.60000038
0.051879998,4.489999771,0.449000001,6.014999866,45.09999847,4.427199841,247,18.5,395.9899902,22.5
0.071510002,4.489999771,0.449000001,6.120999813,56.79999924,3.747600079,247,18.5,395.1499939,22.20000076
0.056600001,3.410000086,0.488999993,7.006999969,86.30000305,3.421700001,270,17.79999924,396.8999939,23.60000038
0.05302,3.410000086,0.488999993,7.078999996,63.09999847,3.414499998,270,17.79999924,396.0599976,28.70000076
0.046840001,3.410000086,0.488999993,6.416999817,66.09999847,3.092299938,270,17.79999924,392.1799927,22.60000038
0.03932,3.410000086,0.488999993,6.40500021,73.90000153,3.092099905,270,17.79999924,393.5499878,22
0.042029999,15.03999996,0.463999987,6.441999912,53.59999847,3.665899992,270,18.20000076,395.0100098,22.89999962
0.028750001,15.03999996,0.463999987,6.210999966,28.89999962,3.665899992,270,18.20000076,396.3299866,25
0.042939998,15.03999996,0.463999987,6.249000072,77.30000305,3.61500001,270,18.20000076,396.8999939,20.60000038
0.122040004,2.890000105,0.444999993,6.625,57.79999924,3.495199919,276,18,357.980011,28.39999962
0.115039997,2.890000105,0.444999993,6.163000107,69.59999847,3.495199919,276,18,391.8299866,21.39999962
0.120829999,2.890000105,0.444999993,8.069000244,76,3.495199919,276,18,396.8999939,38.70000076
0.081869997,2.890000105,0.444999993,7.820000172,36.90000153,3.495199919,276,18,393.5299988,43.79999924
0.068599999,2.890000105,0.444999993,7.415999889,62.5,3.495199919,276,18,396.8999939,33.20000076
0.148660004,8.56000042,0.519999981,6.727000237,79.90000153,2.777800083,384,20.89999962,394.7600098,27.5
0.114320002,8.56000042,0.519999981,6.781000137,71.30000305,2.856100082,384,20.89999962,395.5799866,26.5
0.228760004,8.56000042,0.519999981,6.40500021,85.40000153,2.714699984,384,20.89999962,70.80000305,18.60000038
0.211610004,8.56000042,0.519999981,6.137000084,87.40000153,2.714699984,384,20.89999962,394.4700012,19.29999924
0.139599994,8.56000042,0.519999981,6.166999817,90,2.421000004,384,20.89999962,392.6900024,20.10000038
0.132620007,8.56000042,0.519999981,5.850999832,96.69999695,2.106899977,384,20.89999962,394.0499878,19.5
0.171200007,8.56000042,0.519999981,5.835999966,91.90000153,2.210999966,384,20.89999962,395.6700134,19.5
0.131170005,8.56000042,0.519999981,6.126999855,85.19999695,2.122400045,384,20.89999962,387.6900024,20.39999962
0.128020003,8.56000042,0.519999981,6.473999977,97.09999847,2.432899952,384,20.89999962,395.2399902,19.79999924
0.263630003,8.56000042,0.519999981,6.229000092,91.19999695,2.545099974,384,20.89999962,391.230011,19.39999962
0.107929997,8.56000042,0.519999981,6.195000172,54.40000153,2.777800083,384,20.89999962,393.4899902,21.70000076
0.100840002,10.01000023,0.546999991,6.715000153,81.59999847,2.67750001,432,17.79999924,395.5899963,22.79999924
0.123290002,10.01000023,0.546999991,5.913000107,92.90000153,2.353399992,432,17.79999924,394.9500122,18.79999924
0.222120002,10.01000023,0.546999991,6.092000008,95.40000153,2.548000097,432,17.79999924,396.8999939,18.70000076
0.142309994,10.01000023,0.546999991,6.254000187,84.19999695,2.256500006,432,17.79999924,388.7399902,18.5
0.171340004,10.01000023,0.546999991,5.927999973,88.19999695,2.463099957,432,17.79999924,344.9100037,18.29999924
0.131579995,10.01000023,0.546999991,6.176000118,72.5,2.730099916,432,17.79999924,393.2999878,21.20000076
0.150979996,10.01000023,0.546999991,6.020999908,82.59999847,2.747400045,432,17.79999924,394.5100098,19.20000076
0.130579993,10.01000023,0.546999991,5.872000217,73.09999847,2.477499962,432,17.79999924,338.6300049,20.39999962
0.144759998,10.01000023,0.546999991,5.730999947,65.19999695,2.759200096,432,17.79999924,391.5,19.29999924
0.06899,25.64999962,0.58099997,5.869999886,69.69999695,2.257699966,188,19.10000038,389.1499939,22
0.071649998,25.64999962,0.58099997,6.004000187,84.09999847,2.197400093,188,19.10000038,377.6700134,20.29999924
0.092990004,25.64999962,0.58099997,5.960999966,92.90000153,2.086899996,188,19.10000038,378.0899963,20.5
0.15038,25.64999962,0.58099997,5.855999947,97,1.944399953,188,19.10000038,370.3099976,17.29999924
0.09849,25.64999962,0.58099997,5.879000187,95.80000305,2.006299973,188,19.10000038,379.3800049,18.79999924
0.169019997,25.64999962,0.58099997,5.986000061,88.40000153,1.992900014,188,19.10000038,385.019989,21.39999962
0.387349993,25.64999962,0.58099997,5.612999916,95.59999847,1.757200003,188,19.10000038,359.2900085,15.69999981
0.259149998,21.88999939,0.624000013,5.69299984,96,1.788300037,437,21.20000076,392.1099854,16.20000076
0.325430006,21.88999939,0.624000013,6.431000233,98.80000305,1.8125,437,21.20000076,396.8999939,18
0.881250024,21.88999939,0.624000013,5.637000084,94.69999695,1.979900002,437,21.20000076,396.8999939,14.30000019
0.340059996,21.88999939,0.624000013,6.458000183,98.90000153,2.118499994,437,21.20000076,395.0400085,19.20000076
1.192939997,21.88999939,0.624000013,6.326000214,97.69999695,2.270999908,437,21.20000076,396.8999939,19.60000038
0.590049982,21.88999939,0.624000013,6.372000217,97.90000153,2.327399969,437,21.20000076,385.7600098,23
0.329820007,21.88999939,0.624000013,5.822000027,95.40000153,2.469899893,437,21.20000076,388.6900024,18.39999962
0.976170003,21.88999939,0.624000013,5.756999969,98.40000153,2.345999956,437,21.20000076,262.7600098,15.60000038
0.557780027,21.88999939,0.624000013,6.335000038,98.19999695,2.110699892,437,21.20000076,394.6700134,18.10000038
0.322640002,21.88999939,0.624000013,5.941999912,93.5,1.966899991,437,21.20000076,378.25,17.39999962
0.352329999,21.88999939,0.624000013,6.453999996,98.40000153,1.849799991,437,21.20000076,394.0799866,17.10000038
0.249799997,21.88999939,0.624000013,5.856999874,98.19999695,1.668599963,437,21.20000076,392.0400085,13.30000019
0.54452002,21.88999939,0.624000013,6.151000023,97.90000153,1.66869998,437,21.20000076,396.8999939,17.79999924
0.290899992,21.88999939,0.624000013,6.173999786,93.59999847,1.611899972,437,21.20000076,388.0799866,14
1.628640056,21.88999939,0.624000013,5.019000053,100,1.439399958,437,21.20000076,396.8999939,14.39999962
3.321049929,19.57999992,0.870999992,5.402999878,100,1.32159996,403,14.69999981,396.8999939,13.39999962
4.097400188,19.57999992,0.870999992,5.467999935,100,1.411800027,403,14.69999981,396.8999939,15.60000038
2.779740095,19.57999992,0.870999992,4.902999878,97.80000305,1.345900059,403,14.69999981,396.8999939,11.80000019
2.379339933,19.57999992,0.870999992,6.130000114,100,1.419100046,403,14.69999981,172.9100037,13.80000019
2.155050039,19.57999992,0.870999992,5.627999783,100,1.516600013,403,14.69999981,169.2700043,15.60000038
2.368619919,19.57999992,0.870999992,4.926000118,95.69999695,1.460800052,403,14.69999981,391.7099915,14.60000038
2.330990076,19.57999992,0.870999992,5.18599987,93.80000305,1.529600024,403,14.69999981,356.9899902,17.79999924
2.733969927,19.57999992,0.870999992,5.597000122,94.90000153,1.525699973,403,14.69999981,351.8500061,15.39999962
1.656599998,19.57999992,0.870999992,6.122000217,97.30000305,1.618000031,403,14.69999981,372.7999878,21.5
1.496320009,19.57999992,0.870999992,5.403999805,100,1.591599941,403,14.69999981,341.6000061,19.60000038
1.12658,19.57999992,0.870999992,5.012000084,88,1.610200047,403,14.69999981,343.2799988,15.30000019
2.149179935,19.57999992,0.870999992,5.709000111,98.5,1.623200059,403,14.69999981,261.9500122,19.39999962
1.41384995,19.57999992,0.870999992,6.129000187,96,1.74940002,403,14.69999981,321.019989,17
3.535010099,19.57999992,0.870999992,6.15199995,82.59999847,1.745499969,403,14.69999981,88.01000214,15.60000038
2.446680069,19.57999992,0.870999992,5.271999836,94,1.736400008,403,14.69999981,88.62999725,13.10000038
1.223580003,19.57999992,0.605000019,6.94299984,97.40000153,1.877300024,403,14.69999981,363.4299927,41.29999924
1.342839956,19.57999992,0.605000019,6.065999985,100,1.757300019,403,14.69999981,353.8900146,24.29999924
1.425019979,19.57999992,0.870999992,6.510000229,100,1.765900016,403,14.69999981,364.3099976,23.29999924
1.273460031,19.57999992,0.605000019,6.25,92.59999847,1.798400044,403,14.69999981,338.9200134,27
1.463359952,19.57999992,0.605000019,7.488999844,90.80000305,1.970900059,403,14.69999981,374.4299927,50
1.833770037,19.57999992,0.605000019,7.802000046,98.19999695,2.040699959,403,14.69999981,389.6099854,50
1.519019961,19.57999992,0.605000019,8.375,93.90000153,2.161999941,403,14.69999981,388.4500122,50
2.242360115,19.57999992,0.605000019,5.854000092,91.80000305,2.421999931,403,14.69999981,395.1099854,22.70000076
2.924000025,19.57999992,0.605000019,6.100999832,93,2.283400059,403,14.69999981,240.1600037,25
2.01019001,19.57999992,0.605000019,7.928999901,96.19999695,2.045900106,403,14.69999981,369.2999878,50
1.800279975,19.57999992,0.605000019,5.876999855,79.19999695,2.425899982,403,14.69999981,227.6100006,23.79999924
2.300400019,19.57999992,0.605000019,6.318999767,96.09999847,2.099999905,403,14.69999981,297.0899963,23.79999924
2.449529886,19.57999992,0.605000019,6.40199995,95.19999695,2.262500048,403,14.69999981,330.0400085,22.29999924
1.207419991,19.57999992,0.605000019,5.875,94.59999847,2.425899982,403,14.69999981,292.2900085,17.39999962
2.313899994,19.57999992,0.605000019,5.880000114,97.30000305,2.388700008,403,14.69999981,348.1300049,19.10000038
0.139139995,4.050000191,0.50999999,5.572000027,88.5,2.596100092,296,16.60000038,396.8999939,23.10000038
0.091779999,4.050000191,0.50999999,6.415999889,84.09999847,2.646300077,296,16.60000038,395.5,23.60000038
0.084469996,4.050000191,0.50999999,5.859000206,68.69999695,2.701900005,296,16.60000038,393.230011,22.60000038
0.066639997,4.050000191,0.50999999,6.546000004,33.09999847,3.1322999,296,16.60000038,390.9599915,29.39999962
0.070220001,4.050000191,0.50999999,6.019999981,47.20000076,3.554899931,296,16.60000038,393.230011,23.20000076
0.054249998,4.050000191,0.50999999,6.315000057,73.40000153,3.317500114,296,16.60000038,395.6000061,24.60000038
0.066419996,4.050000191,0.50999999,6.860000134,74.40000153,2.915299892,296,16.60000038,391.269989,29.89999962
0.057799999,2.460000038,0.488000005,6.980000019,58.40000153,2.828999996,193,17.79999924,396.8999939,37.20000076
0.065880001,2.460000038,0.488000005,7.764999866,83.30000305,2.740999937,193,17.79999924,395.5599976,39.79999924
0.068879999,2.460000038,0.488000005,6.144000053,62.20000076,2.597899914,193,17.79999924,396.8999939,36.20000076
0.091030002,2.460000038,0.488000005,7.15500021,92.19999695,2.700599909,193,17.79999924,394.1199951,37.90000153
0.100079998,2.460000038,0.488000005,6.563000202,95.59999847,2.846999884,193,17.79999924,396.8999939,32.5
0.083080001,2.460000038,0.488000005,5.604000092,89.80000305,2.987900019,193,17.79999924,391,26.39999962
0.06047,2.460000038,0.488000005,6.152999878,68.80000305,3.279700041,193,17.79999924,387.1099854,29.60000038
0.056019999,2.460000038,0.488000005,7.830999851,53.59999847,3.199199915,193,17.79999924,392.6300049,50
0.078749999,3.440000057,0.437000006,6.782000065,41.09999847,3.788599968,398,15.19999981,393.8699951,32
0.12579,3.440000057,0.437000006,6.556000233,29.10000038,4.566699982,398,15.19999981,382.8399963,29.79999924
0.083700001,3.440000057,0.437000006,7.184999943,38.90000153,4.566699982,398,15.19999981,396.8999939,34.90000153
0.090680003,3.440000057,0.437000006,6.951000214,21.5,6.479800224,398,15.19999981,377.6799927,37
0.069109999,3.440000057,0.437000006,6.738999844,30.79999924,6.479800224,398,15.19999981,389.7099915,30.5
0.08664,3.440000057,0.437000006,7.177999973,26.29999924,6.479800224,398,15.19999981,390.4899902,36.40000153
0.02187,2.930000067,0.400999993,6.800000191,9.899999619,6.219600201,265,15.60000038,393.3699951,31.10000038
0.01439,2.930000067,0.400999993,6.604000092,18.79999924,6.219600201,265,15.60000038,376.7000122,29.10000038
0.01381,0.460000008,0.421999991,7.875,32,5.64839983,255,14.39999962,394.230011,50
0.040109999,1.519999981,0.404000014,7.287000179,34.09999847,7.309000015,329,12.60000038,396.8999939,33.29999924
0.046659999,1.519999981,0.404000014,7.106999874,36.59999847,7.309000015,329,12.60000038,354.3099976,30.29999924
0.03768,1.519999981,0.404000014,7.274000168,38.29999924,7.309000015,329,12.60000038,392.2000122,34.59999847
0.031500001,1.470000029,0.402999997,6.974999905,15.30000019,7.653399944,402,17,396.8999939,34.90000153
0.01778,1.470000029,0.402999997,7.135000229,13.89999962,7.653399944,402,17,384.2999878,32.90000153
0.034449998,2.029999971,0.414999992,6.162000179,38.40000153,6.269999981,348,14.69999981,393.769989,24.10000038
0.02177,2.029999971,0.414999992,7.610000134,15.69999981,6.269999981,348,14.69999981,395.3800049,42.29999924
0.035100002,2.680000067,0.416099995,7.853000164,33.20000076,5.118000031,224,14.69999981,392.7799988,48.5
0.020090001,2.680000067,0.416099995,8.034000397,31.89999962,5.118000031,224,14.69999981,390.5499878,50
0.136419997,10.59000015,0.488999993,5.890999794,22.29999924,3.9454,277,18.60000038,396.8999939,22.60000038
0.22969,10.59000015,0.488999993,6.326000214,52.5,4.354899883,277,18.60000038,394.8699951,24.39999962
0.25198999,10.59000015,0.488999993,5.782999992,72.69999695,4.354899883,277,18.60000038,389.4299927,22.5
0.135869995,10.59000015,0.488999993,6.06400013,59.09999847,4.239200115,277,18.60000038,381.3200073,24.39999962
0.435710013,10.59000015,0.488999993,5.343999863,100,3.875,277,18.60000038,396.8999939,20
0.174459994,10.59000015,0.488999993,5.960000038,92.09999847,3.877099991,277,18.60000038,393.25,21.70000076
0.375779986,10.59000015,0.488999993,5.403999805,88.59999847,3.664999962,277,18.60000038,395.2399902,19.29999924
0.217189997,10.59000015,0.488999993,5.80700016,53.79999924,3.65260005,277,18.60000038,390.9400024,22.39999962
0.140520006,10.59000015,0.488999993,6.375,32.29999924,3.9454,277,18.60000038,385.8099976,28.10000038
0.289550006,10.59000015,0.488999993,5.412000179,9.800000191,3.587500095,277,18.60000038,348.9299927,23.70000076
0.198019996,10.59000015,0.488999993,6.18200016,42.40000153,3.9454,277,18.60000038,393.6300049,25
0.045600001,13.89000034,0.550000012,5.888000011,56,3.112099886,276,16.39999962,392.7999878,23.29999924
0.070129998,13.89000034,0.550000012,6.642000198,85.09999847,3.421099901,276,16.39999962,392.7799988,28.70000076
0.110689998,13.89000034,0.550000012,5.951000214,93.80000305,2.889300108,276,16.39999962,396.8999939,21.5
0.114249997,13.89000034,0.550000012,6.373000145,92.40000153,3.363300085,276,16.39999962,393.7399902,23
0.358090013,6.199999809,0.507000029,6.951000214,88.5,2.861700058,307,17.39999962,391.7000122,26.70000076
0.407709986,6.199999809,0.507000029,6.164000034,91.30000305,3.048000097,307,17.39999962,395.2399902,21.70000076
0.623560011,6.199999809,0.507000029,6.879000187,77.69999695,3.272099972,307,17.39999962,390.3900146,27.5
0.614700019,6.199999809,0.507000029,6.618000031,80.80000305,3.272099972,307,17.39999962,396.8999939,30.10000038
0.315329999,6.199999809,0.504000008,8.265999794,78.30000305,2.894399881,307,17.39999962,385.0499878,44.79999924
0.526929975,6.199999809,0.504000008,8.725000381,83,2.894399881,307,17.39999962,382,50
0.382140011,6.199999809,0.504000008,8.039999962,86.5,3.215699911,307,17.39999962,387.3800049,37.59999847
0.41238001,6.199999809,0.504000008,7.163000107,79.90000153,3.215699911,307,17.39999962,372.0799866,31.60000038
0.298189998,6.199999809,0.504000008,7.68599987,17,3.375099897,307,17.39999962,377.5100098,46.70000076
0.441780001,6.199999809,0.504000008,6.552000046,21.39999962,3.375099897,307,17.39999962,380.3399963,31.5
0.537,6.199999809,0.504000008,5.980999947,68.09999847,3.671499968,307,17.39999962,378.3500061,24.29999924
0.462960005,6.199999809,0.504000008,7.412000179,76.90000153,3.671499968,307,17.39999962,376.1400146,31.70000076
0.575290024,6.199999809,0.507000029,8.336999893,73.30000305,3.838399887,307,17.39999962,385.9100037,41.70000076
0.331470013,6.199999809,0.507000029,8.246999741,70.40000153,3.651900053,307,17.39999962,378.9500122,48.29999924
0.447910011,6.199999809,0.507000029,6.725999832,66.5,3.651900053,307,17.39999962,360.2000122,29
0.330449998,6.199999809,0.507000029,6.085999966,61.5,3.651900053,307,17.39999962,376.75,24
0.520579994,6.199999809,0.507000029,6.631000042,76.5,4.147999763,307,17.39999962,388.4500122,25.10000038
0.511829972,6.199999809,0.507000029,7.357999802,71.59999847,4.147999763,307,17.39999962,390.0700073,31.5
0.082439996,4.929999828,0.428000003,6.480999947,18.5,6.189899921,300,16.60000038,379.4100037,23.70000076
0.092519999,4.929999828,0.428000003,6.605999947,42.20000076,6.189899921,300,16.60000038,383.7799988,23.29999924
0.113289997,4.929999828,0.428000003,6.896999836,54.29999924,6.336100101,300,16.60000038,391.25,22
0.106119998,4.929999828,0.428000003,6.09499979,65.09999847,6.336100101,300,16.60000038,394.6199951,20.10000038
0.102899998,4.929999828,0.428000003,6.357999802,52.90000153,7.03550005,300,16.60000038,372.75,22.20000076
0.127570003,4.929999828,0.428000003,6.393000126,7.800000191,7.03550005,300,16.60000038,374.7099915,23.70000076
0.206080005,5.860000134,0.430999994,5.592999935,76.5,7.954899788,330,19.10000038,372.4899902,17.60000038
0.191330001,5.860000134,0.430999994,5.605000019,70.19999695,7.954899788,330,19.10000038,389.1300049,18.5
0.339830011,5.860000134,0.430999994,6.107999802,34.90000153,8.055500031,330,19.10000038,390.1799927,24.29999924
0.196569994,5.860000134,0.430999994,6.225999832,79.19999695,8.055500031,330,19.10000038,376.1400146,20.5
0.164389998,5.860000134,0.430999994,6.433000088,49.09999847,7.826499939,330,19.10000038,374.7099915,24.5
0.190730006,5.860000134,0.430999994,6.717999935,17.5,7.826499939,330,19.10000038,393.7399902,26.20000076
0.140300006,5.860000134,0.430999994,6.486999989,13,7.396699905,330,19.10000038,396.2799988,24.39999962
0.214090005,5.860000134,0.430999994,6.438000202,8.899999619,7.396699905,330,19.10000038,377.0700073,24.79999924
0.082209997,5.860000134,0.430999994,6.956999779,6.800000191,8.906700134,330,19.10000038,386.0899963,29.60000038
0.368939996,5.860000134,0.430999994,8.258999825,8.399999619,8.906700134,330,19.10000038,396.8999939,42.79999924
0.048190001,3.640000105,0.39199999,6.107999802,32,9.220299721,315,16.39999962,392.8900146,21.89999962
0.03548,3.640000105,0.39199999,5.875999928,19.10000038,9.220299721,315,16.39999962,395.1799927,20.89999962
0.01538,3.75,0.393999994,7.453999996,34.20000076,6.336100101,244,15.89999962,386.3399963,44
0.61154002,3.970000029,0.647000015,8.704000473,86.90000153,1.800999999,264,13,389.7000122,50
0.663510025,3.970000029,0.647000015,7.333000183,100,1.894600034,264,13,383.2900085,36
0.656650007,3.970000029,0.647000015,6.842000008,100,2.010699987,264,13,391.9299927,30.10000038
0.540109992,3.970000029,0.647000015,7.203000069,81.80000305,2.112099886,264,13,392.7999878,33.79999924
0.534120023,3.970000029,0.647000015,7.519999981,89.40000153,2.139800072,264,13,388.3699951,43.09999847
0.520139992,3.970000029,0.647000015,8.397999763,91.5,2.288500071,264,13,386.8599854,48.79999924
0.825259984,3.970000029,0.647000015,7.327000141,94.5,2.078799963,264,13,393.4200134,31
0.550069988,3.970000029,0.647000015,7.205999851,91.59999847,1.930099964,264,13,387.8900146,36.5
0.761619985,3.970000029,0.647000015,5.559999943,62.79999924,1.986500025,264,13,392.3999939,22.79999924
0.785700023,3.970000029,0.647000015,7.013999939,84.59999847,2.1329,264,13,384.0700073,30.70000076
0.578339994,3.970000029,0.574999988,8.296999931,67,2.421600103,264,13,384.5400085,50
0.540499985,3.970000029,0.574999988,7.46999979,52.59999847,2.871999979,264,13,390.2999878,43.5
0.09065,6.960000038,0.463999987,5.920000076,61.5,3.917500019,223,18.60000038,391.3399963,20.70000076
0.299160004,6.960000038,0.463999987,5.855999947,42.09999847,4.428999901,223,18.60000038,388.6499939,21.10000038
0.162110001,6.960000038,0.463999987,6.239999771,16.29999924,4.428999901,223,18.60000038,396.8999939,25.20000076
0.114600003,6.960000038,0.463999987,6.538000107,58.70000076,3.917500019,223,18.60000038,394.9599915,24.39999962
0.221880004,6.960000038,0.463999987,7.690999985,51.79999924,4.366499901,223,18.60000038,390.769989,35.20000076
0.056439999,6.409999847,0.446999997,6.757999897,32.90000153,4.077600002,254,17.60000038,396.8999939,32.40000153
0.096040003,6.409999847,0.446999997,6.854000092,42.79999924,4.267300129,254,17.60000038,396.8999939,32
0.10469,6.409999847,0.446999997,7.267000198,49,4.787199974,254,17.60000038,389.25,33.20000076
0.061269999,6.409999847,0.446999997,6.826000214,27.60000038,4.862800121,254,17.60000038,393.4500122,33.09999847
0.079779997,6.409999847,0.446999997,6.481999874,32.09999847,4.140299797,254,17.60000038,396.8999939,29.10000038
0.210380003,3.329999924,0.442900002,6.811999798,32.20000076,4.100699902,216,14.89999962,396.8999939,35.09999847
0.035780001,3.329999924,0.442900002,7.820000172,64.5,4.694699764,216,14.89999962,387.3099976,45.40000153
0.037050001,3.329999924,0.442900002,6.967999935,37.20000076,5.244699955,216,14.89999962,392.230011,35.40000153
0.06129,3.329999924,0.442900002,7.644999981,49.70000076,5.211900234,216,14.89999962,377.0700073,46
0.01501,1.210000038,0.400999993,7.922999859,24.79999924,5.885000229,198,13.60000038,395.519989,50
0.00906,2.970000029,0.400000006,7.087999821,20.79999924,7.307300091,285,15.30000019,394.7200012,32.20000076
0.01096,2.25,0.388999999,6.453000069,31.89999962,7.307300091,300,15.30000019,394.7200012,22
0.019649999,1.75999999,0.38499999,6.230000019,31.5,9.08920002,241,18.20000076,341.6000061,20.10000038
0.038710002,5.320000172,0.405000001,6.209000111,31.29999924,7.317200184,293,16.60000038,396.8999939,23.20000076
0.045899998,5.320000172,0.405000001,6.315000057,45.59999847,7.317200184,293,16.60000038,396.8999939,22.29999924
0.042970002,5.320000172,0.405000001,6.565000057,22.89999962,7.317200184,293,16.60000038,371.7200012,24.79999924
0.035020001,4.949999809,0.411000013,6.861000061,27.89999962,5.116700172,245,19.20000076,396.8999939,28.5
0.07886,4.949999809,0.411000013,7.147999763,27.70000076,5.116700172,245,19.20000076,396.8999939,37.29999924
0.036150001,4.949999809,0.411000013,6.630000114,23.39999962,5.116700172,245,19.20000076,396.8999939,27.89999962
0.082649998,13.92000008,0.437000006,6.126999855,18.39999962,5.502699852,289,16,396.8999939,23.89999962
0.081990004,13.92000008,0.437000006,6.008999825,42.29999924,5.502699852,289,16,396.8999939,21.70000076
0.129319996,13.92000008,0.437000006,6.677999973,31.10000038,5.960400105,289,16,396.8999939,28.60000038
0.053720001,13.92000008,0.437000006,6.548999786,51,5.960400105,289,16,392.8500061,27.10000038
0.141029999,13.92000008,0.437000006,5.789999962,58,6.320000172,289,16,396.8999939,20.29999924
0.064659998,2.24000001,0.400000006,6.34499979,20.10000038,7.827799797,358,14.80000019,368.2399902,22.5
0.055610001,2.24000001,0.400000006,7.040999889,10,7.827799797,358,14.80000019,371.5799866,29
0.04417,2.24000001,0.400000006,6.870999813,47.40000153,7.827799797,358,14.80000019,390.8599854,24.79999924
0.03537,6.090000153,0.432999998,6.590000153,40.40000153,5.491700172,329,16.10000038,395.75,22
0.092660002,6.090000153,0.432999998,6.494999886,18.39999962,5.491700172,329,16.10000038,383.6099854,26.39999962
0.100000001,6.090000153,0.432999998,6.981999874,17.70000076,5.491700172,329,16.10000038,390.4299927,33.09999847
0.055149999,2.180000067,0.472000003,7.236000061,41.09999847,4.021999836,222,18.39999962,393.6799927,36.09999847
0.054790001,2.180000067,0.472000003,6.616000175,58.09999847,3.369999886,222,18.39999962,393.3599854,28.39999962
0.075029999,2.180000067,0.472000003,7.420000076,71.90000153,3.09920001,222,18.39999962,396.8999939,33.40000153
0.049320001,2.180000067,0.472000003,6.848999977,70.30000305,3.182699919,222,18.39999962,396.8999939,28.20000076
0.492980003,9.899999619,0.54400003,6.635000229,82.5,3.317500114,304,18.39999962,396.8999939,22.79999924
0.349400014,9.899999619,0.54400003,5.972000122,76.69999695,3.102499962,304,18.39999962,396.2399902,20.29999924
2.635479927,9.899999619,0.54400003,4.97300005,37.79999924,2.519399881,304,18.39999962,350.4500122,16.10000038
0.790409982,9.899999619,0.54400003,6.122000217,52.79999924,2.640300035,304,18.39999962,396.8999939,22.10000038
0.261689991,9.899999619,0.54400003,6.022999763,90.40000153,2.834000111,304,18.39999962,396.2999878,19.39999962
0.269380003,9.899999619,0.54400003,6.265999794,82.80000305,3.262799978,304,18.39999962,393.3900146,21.60000038
0.369199991,9.899999619,0.54400003,6.566999912,87.30000305,3.602299929,304,18.39999962,395.6900024,23.79999924
0.253560007,9.899999619,0.54400003,5.704999924,77.69999695,3.944999933,304,18.39999962,396.4200134,16.20000076
0.318269998,9.899999619,0.54400003,5.914000034,83.19999695,3.998600006,304,18.39999962,390.7000122,17.79999924
0.245220006,9.899999619,0.54400003,5.782000065,71.69999695,4.031700134,304,18.39999962,396.8999939,19.79999924
0.402020007,9.899999619,0.54400003,6.381999969,67.19999695,3.532500029,304,18.39999962,395.2099915,23.10000038
0.475470006,9.899999619,0.54400003,6.112999916,58.79999924,4.001900196,304,18.39999962,396.230011,21
0.167600006,7.380000114,0.493000001,6.426000118,52.29999924,4.540400028,287,19.60000038,396.8999939,23.79999924
0.181590006,7.380000114,0.493000001,6.375999928,54.29999924,4.540400028,287,19.60000038,396.8999939,23.10000038
0.351139992,7.380000114,0.493000001,6.040999889,49.90000153,4.721099854,287,19.60000038,396.8999939,20.39999962
0.28391999,7.380000114,0.493000001,5.708000183,74.30000305,4.721099854,287,19.60000038,391.1300049,18.5
0.341089994,7.380000114,0.493000001,6.414999962,40.09999847,4.721099854,287,19.60000038,396.8999939,25
0.191860005,7.380000114,0.493000001,6.431000233,14.69999981,5.41590023,287,19.60000038,393.6799927,24.60000038
0.303469986,7.380000114,0.493000001,6.311999798,28.89999962,5.41590023,287,19.60000038,396.8999939,23
0.241029993,7.380000114,0.493000001,6.083000183,43.70000076,5.41590023,287,19.60000038,396.8999939,22.20000076
0.06617,3.24000001,0.460000008,5.868000031,25.79999924,5.214600086,430,16.89999962,382.4400024,19.29999924
0.06724,3.24000001,0.460000008,6.333000183,17.20000076,5.214600086,430,16.89999962,375.2099915,22.60000038
0.04544,3.24000001,0.460000008,6.144000053,32.20000076,5.873600006,430,16.89999962,368.5700073,19.79999924
0.05023,6.059999943,0.437900007,5.705999851,28.39999962,6.640699863,304,16.89999962,394.019989,17.10000038
0.03466,6.059999943,0.437900007,6.031000137,23.29999924,6.640699863,304,16.89999962,362.25,19.39999962
0.050829999,5.190000057,0.514999986,6.315999985,38.09999847,6.458399773,224,20.20000076,389.7099915,22.20000076
0.037379999,5.190000057,0.514999986,6.309999943,38.5,6.458399773,224,20.20000076,389.3999939,20.70000076
0.039609998,5.190000057,0.514999986,6.037000179,34.5,5.985300064,224,20.20000076,396.8999939,21.10000038
0.03427,5.190000057,0.514999986,5.868999958,46.29999924,5.231100082,224,20.20000076,396.8999939,19.5
0.030409999,5.190000057,0.514999986,5.894999981,59.59999847,5.614999771,224,20.20000076,394.8099976,18.5
0.033059999,5.190000057,0.514999986,6.059000015,37.29999924,4.812200069,224,20.20000076,396.1400146,20.60000038
0.05497,5.190000057,0.514999986,5.985000134,45.40000153,4.812200069,224,20.20000076,396.8999939,19
0.06151,5.190000057,0.514999986,5.967999935,58.5,4.812200069,224,20.20000076,396.8999939,18.70000076
0.01301,1.519999981,0.442000002,7.241000175,49.29999924,7.037899971,284,15.5,394.7399902,32.70000076
0.024979999,1.889999986,0.518000007,6.539999962,59.70000076,6.266900063,422,15.89999962,389.9599915,16.5
0.025429999,3.779999971,0.483999997,6.696000099,56.40000153,5.73210001,370,17.60000038,396.8999939,23.89999962
0.03049,3.779999971,0.483999997,6.874000072,28.10000038,6.465400219,370,17.60000038,387.9700012,31.20000076
0.031129999,4.389999866,0.442000002,6.013999939,48.5,8.013600349,352,18.79999924,385.6400146,17.5
0.061620001,4.389999866,0.442000002,5.897999763,52.29999924,8.013600349,352,18.79999924,364.6099854,17.20000076
0.0187,4.150000095,0.42899999,6.515999794,27.70000076,8.535300255,351,17.89999962,392.4299927,23.10000038
0.01501,2.00999999,0.435000002,6.635000229,29.70000076,8.343999863,280,17,390.9400024,24.5
0.02899,1.25,0.42899999,6.93900013,34.5,8.792099953,335,19.70000076,389.8500061,26.60000038
0.062109999,1.25,0.42899999,6.489999771,44.40000153,8.792099953,335,19.70000076,396.8999939,22.89999962
0.079499997,1.690000057,0.411000013,6.578999996,35.90000153,10.71030045,411,18.29999924,370.7799988,24.10000038
0.072439998,1.690000057,0.411000013,5.883999825,18.5,10.71030045,411,18.29999924,392.3299866,18.60000038
0.01709,2.019999981,0.409999996,6.728000164,36.09999847,12.12650013,187,17,384.4599915,30.10000038
0.04301,1.909999967,0.412999988,5.663000107,21.89999962,10.58570004,334,22,382.7999878,18.20000076
0.106590003,1.909999967,0.412999988,5.93599987,19.5,10.58570004,334,22,376.0400085,20.60000038
8.982959747,18.10000038,0.769999981,6.211999893,97.40000153,2.122200012,666,20.20000076,377.730011,17.79999924
3.849699974,18.10000038,0.769999981,6.394999981,91,2.505199909,666,20.20000076,391.3399963,21.70000076
5.201769829,18.10000038,0.769999981,6.126999855,83.40000153,2.722700119,666,20.20000076,395.4299927,22.70000076
4.261310101,18.10000038,0.769999981,6.111999989,81.30000305,2.50909996,666,20.20000076,390.7399902,22.60000038
4.541920185,18.10000038,0.769999981,6.397999763,88,2.518199921,666,20.20000076,374.5599976,25
3.836839914,18.10000038,0.769999981,6.250999928,91.09999847,2.29550004,666,20.20000076,350.6499939,19.89999962
3.678220034,18.10000038,0.769999981,5.361999989,96.19999695,2.103600025,666,20.20000076,380.7900085,20.79999924
4.222390175,18.10000038,0.769999981,5.802999973,89,1.904700041,666,20.20000076,353.0400085,16.79999924
3.474280119,18.10000038,0.717999995,8.779999733,82.90000153,1.904700041,666,20.20000076,354.5499878,21.89999962
4.555870056,18.10000038,0.717999995,3.561000109,87.90000153,1.613199949,666,20.20000076,354.7000122,27.5
3.696949959,18.10000038,0.717999995,4.962999821,91.40000153,1.752300024,666,20.20000076,316.0299988,21.89999962
13.52219963,18.10000038,0.630999982,3.862999916,100,1.510599971,666,20.20000076,131.4199982,23.10000038
4.898220062,18.10000038,0.630999982,4.96999979,100,1.332499981,666,20.20000076,375.519989,50
5.669980049,18.10000038,0.630999982,6.683000088,96.80000305,1.356699944,666,20.20000076,375.3299866,50
6.538760185,18.10000038,0.630999982,7.015999794,97.5,1.202399969,666,20.20000076,392.0499878,50
9.232299805,18.10000038,0.630999982,6.21600008,100,1.169100046,666,20.20000076,366.1499939,50
8.267250061,18.10000038,0.667999983,5.875,89.59999847,1.129600048,666,20.20000076,347.8800049,50
11.10809994,18.10000038,0.667999983,4.906000137,100,1.174200058,666,20.20000076,396.8999939,13.80000019
18.49819946,18.10000038,0.667999983,4.138000011,100,1.136999965,666,20.20000076,396.8999939,13.80000019
19.60910034,18.10000038,0.671000004,7.313000202,97.90000153,1.316300035,666,20.20000076,396.8999939,15
15.28800011,18.10000038,0.671000004,6.649000168,93.30000305,1.344900012,666,20.20000076,363.019989,13.89999962
9.823490143,18.10000038,0.671000004,6.794000149,98.80000305,1.35800004,666,20.20000076,396.8999939,13.30000019
23.64819908,18.10000038,0.671000004,6.380000114,96.19999695,1.386100054,666,20.20000076,396.8999939,13.10000038
17.86669922,18.10000038,0.671000004,6.22300005,100,1.386100054,666,20.20000076,393.7399902,10.19999981
88.97619629,18.10000038,0.671000004,6.967999935,91.90000153,1.416499972,666,20.20000076,396.8999939,10.39999962
15.87440014,18.10000038,0.671000004,6.545000076,99.09999847,1.519199967,666,20.20000076,396.8999939,10.89999962
9.187020302,18.10000038,0.699999988,5.535999775,100,1.58039999,666,20.20000076,396.8999939,11.30000019
7.992479801,18.10000038,0.699999988,5.519999981,100,1.533100009,666,20.20000076,396.8999939,12.30000019
20.0848999,18.10000038,0.699999988,4.368000031,91.19999695,1.439499974,666,20.20000076,285.8299866,8.800000191
16.8118,18.10000038,0.699999988,5.27699995,98.09999847,1.426100016,666,20.20000076,396.8999939,7.199999809
24.39380074,18.10000038,0.699999988,4.65199995,100,1.467200041,666,20.20000076,396.8999939,10.5
22.5970993,18.10000038,0.699999988,5,89.5,1.518399954,666,20.20000076,396.8999939,7.400000095
14.33370018,18.10000038,0.699999988,4.880000114,100,1.58949995,666,20.20000076,372.9200134,10.19999981
8.151740074,18.10000038,0.699999988,5.389999866,98.90000153,1.728099942,666,20.20000076,396.8999939,11.5
6.962150097,18.10000038,0.699999988,5.712999821,97,1.926499963,666,20.20000076,394.4299927,15.10000038
5.293049812,18.10000038,0.699999988,6.051000118,82.5,2.16779995,666,20.20000076,378.3800049,23.20000076
11.57789993,18.10000038,0.699999988,5.035999775,97,1.769999981,666,20.20000076,396.8999939,9.699999809
8.644760132,18.10000038,0.693000019,6.19299984,92.59999847,1.791200042,666,20.20000076,396.8999939,13.80000019
13.35980034,18.10000038,0.693000019,5.887000084,94.69999695,1.782099962,666,20.20000076,396.8999939,12.69999981
8.716750145,18.10000038,0.693000019,6.471000195,98.80000305,1.725700021,666,20.20000076,391.980011,13.10000038
5.872049809,18.10000038,0.693000019,6.40500021,96,1.676800013,666,20.20000076,396.8999939,12.5
7.672019958,18.10000038,0.693000019,5.747000217,98.90000153,1.633399963,666,20.20000076,393.1000061,8.5
38.35179901,18.10000038,0.693000019,5.453000069,100,1.489599943,666,20.20000076,396.8999939,5
9.916549683,18.10000038,0.693000019,5.852000237,77.80000305,1.500399947,666,20.20000076,338.1600037,6.300000191
25.04610062,18.10000038,0.693000019,5.986999989,100,1.588799953,666,20.20000076,396.8999939,5.599999905
14.23620033,18.10000038,0.693000019,6.342999935,100,1.574100018,666,20.20000076,396.8999939,7.199999809
9.595709801,18.10000038,0.693000019,6.403999805,100,1.639000058,666,20.20000076,376.1099854,12.10000038
24.80170059,18.10000038,0.693000019,5.348999977,96,1.702800035,666,20.20000076,396.8999939,8.300000191
41.52920151,18.10000038,0.693000019,5.531000137,85.40000153,1.60739994,666,20.20000076,329.4599915,8.5
67.92079926,18.10000038,0.693000019,5.683000088,100,1.425400019,666,20.20000076,384.9700012,5
20.71619987,18.10000038,0.658999979,4.138000011,100,1.17809999,666,20.20000076,370.2200012,11.89999962
11.95110035,18.10000038,0.658999979,5.607999802,100,1.2852,666,20.20000076,332.0899963,27.89999962
7.403890133,18.10000038,0.597000003,5.617000103,97.90000153,1.454699993,666,20.20000076,314.6400146,17.20000076
14.43830013,18.10000038,0.597000003,6.852000237,100,1.465499997,666,20.20000076,179.3600006,27.5
51.13579941,18.10000038,0.597000003,5.756999969,100,1.412999988,666,20.20000076,2.599999905,15
14.05070019,18.10000038,0.597000003,6.657000065,100,1.527500033,666,20.20000076,35.04999924,17.20000076
18.81100082,18.10000038,0.597000003,4.627999783,100,1.553900003,666,20.20000076,28.79000092,17.89999962
28.65579987,18.10000038,0.597000003,5.15500021,100,1.589400053,666,20.20000076,210.9700012,16.29999924
45.74610138,18.10000038,0.693000019,4.519000053,100,1.658200026,666,20.20000076,88.26999664,7
18.08460045,18.10000038,0.67900002,6.434000015,100,1.834699988,666,20.20000076,27.25,7.199999809
10.83419991,18.10000038,0.67900002,6.782000065,90.80000305,1.819499969,666,20.20000076,21.56999969,7.5
25.94059944,18.10000038,0.67900002,5.303999901,89.09999847,1.647500038,666,20.20000076,127.3600006,10.39999962
73.53410339,18.10000038,0.67900002,5.956999779,100,1.802600026,666,20.20000076,16.45000076,8.800000191
11.81229973,18.10000038,0.717999995,6.823999882,76.5,1.79400003,666,20.20000076,48.45000076,8.399999619
11.08740044,18.10000038,0.717999995,6.410999775,100,1.858899951,666,20.20000076,318.75,16.70000076
7.02259016,18.10000038,0.717999995,6.006000042,95.30000305,1.874600053,666,20.20000076,319.980011,14.19999981
12.04819965,18.10000038,0.614000022,5.647999763,87.59999847,1.951200008,666,20.20000076,291.5499878,20.79999924
7.050419807,18.10000038,0.614000022,6.103000164,85.09999847,2.021800041,666,20.20000076,2.519999981,13.39999962
8.79211998,18.10000038,0.583999991,5.565000057,70.59999847,2.063499928,666,20.20000076,3.650000095,11.69999981
15.86030006,18.10000038,0.67900002,5.895999908,95.40000153,1.909600019,666,20.20000076,7.679999828,8.300000191
12.24720001,18.10000038,0.583999991,5.836999893,59.70000076,1.997599959,666,20.20000076,24.64999962,10.19999981
37.66189957,18.10000038,0.67900002,6.202000141,78.69999695,1.862900019,666,20.20000076,18.81999969,10.89999962
7.367109776,18.10000038,0.67900002,6.19299984,78.09999847,1.935600042,666,20.20000076,96.73000336,11
9.338890076,18.10000038,0.67900002,6.380000114,95.59999847,1.968199968,666,20.20000076,60.72000122,9.5
8.49213028,18.10000038,0.583999991,6.34800005,86.09999847,2.052700043,666,20.20000076,83.44999695,14.5
10.06229973,18.10000038,0.583999991,6.833000183,94.30000305,2.088200092,666,20.20000076,81.33000183,14.10000038
6.444049835,18.10000038,0.583999991,6.425000191,74.80000305,2.200400114,666,20.20000076,97.94999695,16.10000038
5.581069946,18.10000038,0.713,6.43599987,87.90000153,2.315799952,666,20.20000076,100.1900024,14.30000019
13.9133997,18.10000038,0.713,6.208000183,95,2.222199917,666,20.20000076,100.6299973,11.69999981
11.16040039,18.10000038,0.74000001,6.629000187,94.59999847,2.124700069,666,20.20000076,109.8499985,13.39999962
14.42080021,18.10000038,0.74000001,6.460999966,93.30000305,2.002599955,666,20.20000076,27.48999977,9.600000381
15.17720032,18.10000038,0.74000001,6.15199995,100,1.914199948,666,20.20000076,9.319999695,8.699999809
13.67809963,18.10000038,0.74000001,5.934999943,87.90000153,1.820600033,666,20.20000076,68.94999695,8.399999619
9.390629768,18.10000038,0.74000001,5.626999855,93.90000153,1.817199945,666,20.20000076,396.8999939,12.80000019
22.05109978,18.10000038,0.74000001,5.81799984,92.40000153,1.86619997,666,20.20000076,391.4500122,10.5
9.724180222,18.10000038,0.74000001,6.406000137,97.19999695,2.065099955,666,20.20000076,385.9599915,17.10000038
5.666369915,18.10000038,0.74000001,6.218999863,100,2.004800081,666,20.20000076,395.6900024,18.39999962
9.966540337,18.10000038,0.74000001,6.485000134,100,1.978399992,666,20.20000076,386.730011,15.39999962
12.80230045,18.10000038,0.74000001,5.854000092,96.59999847,1.895599961,666,20.20000076,240.5200043,10.80000019
10.67179966,18.10000038,0.74000001,6.459000111,94.80000305,1.987900019,666,20.20000076,43.06000137,11.80000019
6.288070202,18.10000038,0.74000001,6.34100008,96.40000153,2.072000027,666,20.20000076,318.0100098,14.89999962
9.924850464,18.10000038,0.74000001,6.250999928,96.59999847,2.197999954,666,20.20000076,388.519989,12.60000038
9.329090118,18.10000038,0.713,6.184999943,98.69999695,2.261600018,666,20.20000076,396.8999939,14.10000038
7.526010036,18.10000038,0.713,6.416999817,98.30000305,2.184999943,666,20.20000076,304.2099915,13
6.717720032,18.10000038,0.713,6.749000072,92.59999847,2.323600054,666,20.20000076,0.319999993,13.39999962
5.441140175,18.10000038,0.713,6.65500021,98.19999695,2.355200052,666,20.20000076,355.2900085,15.19999981
5.090169907,18.10000038,0.713,6.296999931,91.80000305,2.368200064,666,20.20000076,385.0899963,16.10000038
8.24808979,18.10000038,0.713,7.393000126,99.30000305,2.4526999,666,20.20000076,375.8699951,17.79999924
9.513629913,18.10000038,0.713,6.728000164,94.09999847,2.496099949,666,20.20000076,6.679999828,14.89999962
4.752369881,18.10000038,0.713,6.525000095,86.5,2.435800076,666,20.20000076,50.91999817,14.10000038
4.668829918,18.10000038,0.713,5.975999832,87.90000153,2.580600023,666,20.20000076,10.47999954,12.69999981
8.200579643,18.10000038,0.713,5.93599987,80.30000305,2.779200077,666,20.20000076,3.5,13.5
7.752230167,18.10000038,0.713,6.301000118,83.69999695,2.78309989,666,20.20000076,272.2099915,14.89999962
6.801169872,18.10000038,0.713,6.080999851,84.40000153,2.717499971,666,20.20000076,396.8999939,20
4.812129974,18.10000038,0.713,6.701000214,90,2.597500086,666,20.20000076,255.2299957,16.39999962
3.693109989,18.10000038,0.713,6.375999928,88.40000153,2.567100048,666,20.20000076,391.4299927,17.70000076
6.654920101,18.10000038,0.713,6.316999912,83,2.734400034,666,20.20000076,396.8999939,19.5
5.821149826,18.10000038,0.713,6.513000011,89.90000153,2.801599979,666,20.20000076,393.8200073,20.20000076
7.839320183,18.10000038,0.654999971,6.209000111,65.40000153,2.963399887,666,20.20000076,396.8999939,21.39999962
3.163599968,18.10000038,0.654999971,5.758999825,48.20000076,3.066499949,666,20.20000076,334.3999939,19.89999962
3.774980068,18.10000038,0.654999971,5.952000141,84.69999695,2.871500015,666,20.20000076,22.01000023,19
4.422279835,18.10000038,0.583999991,6.002999783,94.5,2.540299892,666,20.20000076,331.2900085,19.10000038
15.57569981,18.10000038,0.579999983,5.926000118,71,2.908400059,666,20.20000076,368.7399902,19.10000038
13.07509995,18.10000038,0.579999983,5.712999821,56.70000076,2.823699951,666,20.20000076,396.8999939,20.10000038
4.348790169,18.10000038,0.579999983,6.166999817,84,3.033400059,666,20.20000076,396.8999939,19.89999962
4.038410187,18.10000038,0.532000005,6.229000092,90.69999695,3.099299908,666,20.20000076,395.3299866,19.60000038
3.568680048,18.10000038,0.579999983,6.436999798,75,2.896500111,666,20.20000076,393.3699951,23.20000076
4.646890163,18.10000038,0.614000022,6.980000019,67.59999847,2.532900095,666,20.20000076,374.6799927,29.79999924
8.055789948,18.10000038,0.583999991,5.427000046,95.40000153,2.429800034,666,20.20000076,352.5799866,13.80000019
6.393119812,18.10000038,0.583999991,6.162000179,97.40000153,2.20600009,666,20.20000076,302.7600098,13.30000019
4.871409893,18.10000038,0.614000022,6.484000206,93.59999847,2.305299997,666,20.20000076,396.2099915,16.70000076
15.02340031,18.10000038,0.614000022,5.303999901,97.30000305,2.100699902,666,20.20000076,349.480011,12
10.2329998,18.10000038,0.614000022,6.184999943,96.69999695,2.17050004,666,20.20000076,379.7000122,14.60000038
14.33370018,18.10000038,0.614000022,6.229000092,88,1.951200008,666,20.20000076,383.3200073,21.39999962
5.824009895,18.10000038,0.532000005,6.242000103,64.69999695,3.424200058,666,20.20000076,396.8999939,23
5.708179951,18.10000038,0.532000005,6.75,74.90000153,3.331700087,666,20.20000076,393.0700073,23.70000076
5.731160164,18.10000038,0.532000005,7.06099987,77,3.410599947,666,20.20000076,395.2799988,25
2.818380117,18.10000038,0.532000005,5.762000084,40.29999924,4.09829998,666,20.20000076,392.9200134,21.79999924
2.37857008,18.10000038,0.583000004,5.870999813,41.90000153,3.723999977,666,20.20000076,370.730011,20.60000038
3.673670053,18.10000038,0.583000004,6.311999798,51.90000153,3.991699934,666,20.20000076,388.6199951,21.20000076
5.69175005,18.10000038,0.583000004,6.113999844,79.80000305,3.545900106,666,20.20000076,392.6799927,19.10000038
4.835669994,18.10000038,0.583000004,5.90500021,53.20000076,3.152299881,666,20.20000076,388.2200012,20.60000038
0.150859997,27.73999977,0.609000027,5.453999996,92.69999695,1.820899963,711,20.10000038,395.0899963,15.19999981
0.183369994,27.73999977,0.609000027,5.414000034,98.30000305,1.755399942,711,20.10000038,344.0499878,7
0.207460001,27.73999977,0.609000027,5.092999935,98,1.822600007,711,20.10000038,318.4299927,8.100000381
0.105740003,27.73999977,0.609000027,5.982999802,98.80000305,1.868100047,711,20.10000038,390.1099854,13.60000038
0.111319996,27.73999977,0.609000027,5.982999802,83.5,2.109899998,711,20.10000038,396.8999939,20.10000038
0.173309997,9.68999958,0.584999979,5.706999779,54,2.381700039,391,19.20000076,396.8999939,21.79999924
0.279570013,9.68999958,0.584999979,5.926000118,42.59999847,2.381700039,391,19.20000076,396.8999939,24.5
0.178990006,9.68999958,0.584999979,5.670000076,28.79999924,2.798599958,391,19.20000076,393.2900085,23.10000038
0.289600015,9.68999958,0.584999979,5.389999866,72.90000153,2.798599958,391,19.20000076,396.8999939,19.70000076
0.268379986,9.68999958,0.584999979,5.794000149,70.59999847,2.892699957,391,19.20000076,396.8999939,18.29999924
0.239120007,9.68999958,0.584999979,6.019000053,65.30000305,2.409100056,391,19.20000076,396.8999939,21.20000076
0.177829996,9.68999958,0.584999979,5.568999767,73.5,2.39989996,391,19.20000076,395.769989,17.5
0.224380001,9.68999958,0.584999979,6.02699995,79.69999695,2.49819994,391,19.20000076,396.8999939,16.79999924
0.062629998,11.93000031,0.573000014,6.592999935,69.09999847,2.478600025,273,21,391.9899902,22.39999962
0.04527,11.93000031,0.573000014,6.119999886,76.69999695,2.287499905,273,21,396.8999939,20.60000038
0.060759999,11.93000031,0.573000014,6.975999832,91,2.167500019,273,21,396.8999939,23.89999962
0.109590001,11.93000031,0.573000014,6.794000149,89.30000305,2.388900042,273,21,393.4500122,22
0.04741,11.93000031,0.573000014,6.03000021,80.80000305,2.505000114,273,21,396.8999939,11.89999962
